<?xml version="1.0" encoding="UTF-8"?>
<project-private xmlns="http://www.netbeans.org/ns/project-private/1">
    <editor-bookmarks xmlns="http://www.netbeans.org/ns/editor-bookmarks/2" lastBookmarkId="0"/>
    <open-files xmlns="http://www.netbeans.org/ns/projectui-open-files/2">
        <group>
            <file>file:/C:/Users/bgurl/Downloads/Appp%20(Unzipped%20Files)-20220109T191536Z-001/Appp%20(Unzipped%20Files)/InvenX/src/project/DataMaintain.java</file>
            <file>file:/C:/Users/bgurl/Downloads/Appp%20(Unzipped%20Files)-20220109T191536Z-001/Appp%20(Unzipped%20Files)/InvenX/src/project/LoginForm.java</file>
            <file>file:/C:/Users/bgurl/Downloads/Appp%20(Unzipped%20Files)-20220109T191536Z-001/Appp%20(Unzipped%20Files)/InvenX/src/Connection/DBConnection.java</file>
            <file>file:/C:/Users/bgurl/Downloads/Appp%20(Unzipped%20Files)-20220109T191536Z-001/Appp%20(Unzipped%20Files)/InvenX/src/project/MainMenu.java</file>
        </group>
    </open-files>
</project-private>
